{
  "AeState": 0,
  "AfPauseState": 0,
  "AfState": 0,
  "AnalogueGain": 1.1228070259094238,
  "ColourCorrectionMatrix": [
    1.5357630252838135,
    -0.3632309138774872,
    -0.17253057658672333,
    -0.2811644375324249,
    1.660108208656311,
    -0.3789352476596832,
    0.009361457079648972,
    -0.5453298091888428,
    1.5359783172607422
  ],
  "ColourGains": [
    1.9278377294540405,
    1.7670639753341675
  ],
  "ColourTemperature": 4832,
  "DigitalGain": 1.0003564357757568,
  "ExposureTime": 8596,
  "FocusFoM": 0,
  "FrameDuration": 69669,
  "FrameWallClock": 1771335154051960064,
  "LensPosition": 3.9000000953674316,
  "Lux": 31.798171997070312,
  "ScalerCrop": [
    0,
    0,
    4608,
    2592
  ],
  "SensorBlackLevels": [
    4096,
    4096,
    4096,
    4096
  ],
  "SensorTemperature": 67.0,
  "SensorTimestamp": 74857808375000
}