{
  "AeState": 0,
  "AfPauseState": 0,
  "AfState": 0,
  "AnalogueGain": 1.1228070259094238,
  "ColourCorrectionMatrix": [
    1.5305256843566895,
    -0.35262370109558105,
    -0.17790156602859497,
    -0.2866268455982208,
    1.6722275018692017,
    -0.38559067249298096,
    0.015260831452906132,
    -0.5694622993469238,
    1.5542114973068237
  ],
  "ColourGains": [
    1.9688321352005005,
    1.9055581092834473
  ],
  "ColourTemperature": 4593,
  "DigitalGain": 1.0014532804489136,
  "ExposureTime": 5083,
  "FocusFoM": 3,
  "FrameDuration": 8324,
  "FrameWallClock": 1771251189721303296,
  "LensPosition": 2.200000047683716,
  "Lux": 81.21732330322266,
  "ScalerCrop": [
    768,
    432,
    3072,
    1728
  ],
  "SensorBlackLevels": [
    4096,
    4096,
    4096,
    4096
  ],
  "SensorTemperature": 60.0,
  "SensorTimestamp": 277553624440000
}