{
  "AeState": 0,
  "AfPauseState": 0,
  "AfState": 0,
  "AnalogueGain": 1.1228070259094238,
  "ColourCorrectionMatrix": [
    1.5305097103118896,
    -0.3526246249675751,
    -0.17788469791412354,
    -0.28653478622436523,
    1.6722187995910645,
    -0.38567396998405457,
    0.015284429304301739,
    -0.5694836378097534,
    1.5542092323303223
  ],
  "ColourGains": [
    1.9692387580871582,
    1.905166506767273
  ],
  "ColourTemperature": 4594,
  "DigitalGain": 1.0014532804489136,
  "ExposureTime": 5083,
  "FocusFoM": 3,
  "FrameDuration": 8324,
  "FrameWallClock": 1771251190012688384,
  "LensPosition": 2.200000047683716,
  "Lux": 81.09510040283203,
  "ScalerCrop": [
    768,
    432,
    3072,
    1728
  ],
  "SensorBlackLevels": [
    4096,
    4096,
    4096,
    4096
  ],
  "SensorTemperature": 60.0,
  "SensorTimestamp": 277553915825000
}