{
  "AeState": 0,
  "AfPauseState": 0,
  "AfState": 2,
  "AnalogueGain": 1.1228070259094238,
  "ColourCorrectionMatrix": [
    1.5317987203598022,
    -0.3561437427997589,
    -0.17565447092056274,
    -0.28221893310546875,
    1.6679868698120117,
    -0.3857584595680237,
    0.013986226171255112,
    -0.5621174573898315,
    1.5481412410736084
  ],
  "ColourGains": [
    2.0010194778442383,
    1.8733595609664917
  ],
  "ColourTemperature": 4703,
  "DigitalGain": 1.0009270906448364,
  "ExposureTime": 8582,
  "FocusFoM": 2,
  "FrameDuration": 9034,
  "FrameWallClock": 1771254693908897280,
  "LensPosition": 2.327613353729248,
  "Lux": 32.46039962768555,
  "ScalerCrop": [
    768,
    432,
    3072,
    1728
  ],
  "SensorBlackLevels": [
    4096,
    4096,
    4096,
    4096
  ],
  "SensorTemperature": 54.0,
  "SensorTimestamp": 281057812034000
}